{
	"credit": "Made with Blockbench",
	"parent": "netherite_hoe",
	"textures": {
		"0": "block/scythe_body",
		"2": "block/scythe_handle",
		"3": "block/scythe_blade_dual",
		"particle": "block/scythe_body"
	},
	"elements": [
		{
			"from": [7, 14, 5],
			"to": [9, 17, 7],
			"rotation": {"angle": 0, "axis": "y", "origin": [0, 0, 16]},
			"faces": {
				"north": {"uv": [15, 0, 16, 1], "texture": "#3"},
				"east": {"uv": [16, 13, 14, 16], "texture": "#3"},
				"south": {"uv": [15, 0, 16, 1], "texture": "#3"},
				"west": {"uv": [14, 13, 16, 16], "texture": "#3"},
				"up": {"uv": [15, 0, 16, 1], "texture": "#3"},
				"down": {"uv": [15, 0, 16, 1], "texture": "#3"}
			}
		},
		{
			"from": [7, 15, 4],
			"to": [9, 18, 7],
			"rotation": {"angle": 0, "axis": "y", "origin": [0, 0, 16]},
			"faces": {
				"north": {"uv": [16, 0, 15, 1], "texture": "#3"},
				"east": {"uv": [16, 12, 13, 15], "texture": "#3"},
				"south": {"uv": [16, 0, 15, 1], "texture": "#3"},
				"west": {"uv": [13, 12, 16, 15], "texture": "#3"},
				"up": {"uv": [15, 1, 16, 0], "texture": "#3"},
				"down": {"uv": [15, 1, 16, 0], "texture": "#3"}
			}
		},
		{
			"from": [7, 16, 2],
			"to": [9, 19, 6],
			"rotation": {"angle": 0, "axis": "y", "origin": [0, 0, 16]},
			"faces": {
				"north": {"uv": [16, 0, 15, 1], "texture": "#3"},
				"east": {"uv": [15, 11, 11, 14], "texture": "#3"},
				"south": {"uv": [16, 0, 15, 1], "texture": "#3"},
				"west": {"uv": [11, 11, 15, 14], "texture": "#3"},
				"up": {"uv": [15, 1, 16, 0], "texture": "#3"},
				"down": {"uv": [15, 1, 16, 0], "texture": "#3"}
			}
		},
		{
			"from": [7, 17, -2],
			"to": [9, 19, 4],
			"rotation": {"angle": 0, "axis": "y", "origin": [0, 0, 16]},
			"faces": {
				"north": {"uv": [16, 0, 15, 1], "texture": "#3"},
				"east": {"uv": [13, 11, 7, 13], "texture": "#3"},
				"south": {"uv": [16, 0, 15, 1], "texture": "#3"},
				"west": {"uv": [7, 11, 13, 13], "texture": "#3"},
				"up": {"uv": [15, 1, 16, 0], "texture": "#3"},
				"down": {"uv": [15, 1, 16, 0], "texture": "#3"}
			}
		},
		{
			"from": [7, 15, -5],
			"to": [9, 18, -2],
			"faces": {
				"north": {"uv": [16, 0, 15, 1], "texture": "#3"},
				"east": {"uv": [7, 12, 4, 15], "texture": "#3"},
				"south": {"uv": [16, 0, 15, 1], "texture": "#3"},
				"west": {"uv": [4, 12, 7, 15], "texture": "#3"},
				"up": {"uv": [15, 1, 16, 0], "texture": "#3"},
				"down": {"uv": [15, 1, 16, 0], "texture": "#3"}
			}
		},
		{
			"from": [7, 16, -4],
			"to": [9, 19, 0],
			"faces": {
				"north": {"uv": [16, 0, 15, 1], "texture": "#3"},
				"east": {"uv": [9, 11, 5, 14], "texture": "#3"},
				"south": {"uv": [16, 0, 15, 1], "texture": "#3"},
				"west": {"uv": [5, 11, 9, 14], "texture": "#3"},
				"up": {"uv": [15, 1, 16, 0], "texture": "#3"},
				"down": {"uv": [15, 1, 16, 0], "texture": "#3"}
			}
		},
		{
			"from": [7, 14, -6],
			"to": [9, 17, -3],
			"faces": {
				"north": {"uv": [16, 0, 15, 1], "texture": "#3"},
				"east": {"uv": [6, 13, 3, 16], "texture": "#3"},
				"south": {"uv": [16, 0, 15, 1], "texture": "#3"},
				"west": {"uv": [3, 13, 6, 16], "texture": "#3"},
				"up": {"uv": [15, 1, 16, 0], "texture": "#3"},
				"down": {"uv": [15, 1, 16, 0], "texture": "#3"}
			}
		},
		{
			"from": [7, 17, -1],
			"to": [9, 20, 3],
			"rotation": {"angle": 0, "axis": "y", "origin": [0, 0, 16]},
			"faces": {
				"north": {"uv": [16, 0, 15, 1], "texture": "#3"},
				"east": {"uv": [12, 10, 8, 13], "texture": "#3"},
				"south": {"uv": [16, 0, 15, 1], "texture": "#3"},
				"west": {"uv": [8, 10, 12, 13], "texture": "#3"},
				"up": {"uv": [15, 1, 16, 0], "texture": "#3"},
				"down": {"uv": [15, 1, 16, 0], "texture": "#3"}
			}
		},
		{
			"from": [7, -5, 7],
			"to": [9, 1, 9],
			"rotation": {"angle": 0, "axis": "y", "origin": [0, 0, 16]},
			"faces": {
				"north": {"uv": [0.25, 0.25, 0.75, 0.75], "texture": "#0"},
				"east": {"uv": [1.25, 0.25, 1.75, 0.75], "texture": "#0"},
				"south": {"uv": [2.25, 0.25, 2.75, 0.75], "texture": "#0"},
				"west": {"uv": [3.25, 0.25, 3.75, 0.75], "texture": "#0"},
				"up": {"uv": [4.25, 0.25, 4.75, 0.75], "texture": "#0"},
				"down": {"uv": [5.25, 0.25, 5.75, 0.75], "texture": "#0"}
			}
		},
		{
			"from": [7, 5, 7],
			"to": [9, 17, 9],
			"rotation": {"angle": 0, "axis": "y", "origin": [0, 0, 16]},
			"faces": {
				"north": {"uv": [0.25, 0.25, 0.75, 0.75], "texture": "#0"},
				"east": {"uv": [1.25, 0.25, 1.75, 0.75], "texture": "#0"},
				"south": {"uv": [2.25, 0.25, 2.75, 0.75], "texture": "#0"},
				"west": {"uv": [3.25, 0.25, 3.75, 0.75], "texture": "#0"},
				"up": {"uv": [4.25, 0.25, 4.75, 0.75], "texture": "#0"},
				"down": {"uv": [5.25, 0.25, 5.75, 0.75], "texture": "#0"}
			}
		},
		{
			"from": [7, 1, 7],
			"to": [9, 5, 9],
			"rotation": {"angle": 0, "axis": "y", "origin": [0, 0, 16]},
			"faces": {
				"north": {"uv": [0, 12, 2, 16], "texture": "#2"},
				"east": {"uv": [2, 12, 4, 16], "texture": "#2"},
				"south": {"uv": [4, 12, 6, 16], "texture": "#2"},
				"west": {"uv": [6, 12, 8, 16], "texture": "#2"},
				"up": {"uv": [10, 12, 12, 16], "texture": "#2"},
				"down": {"uv": [8, 12, 10, 16], "texture": "#2"}
			}
		}
	],
	"display": {
		"thirdperson_righthand": {
			"translation": [0, 3, 1.5],
			"scale": [0.8, 1, 0.8]
		},
		"thirdperson_lefthand": {
			"translation": [0, 3, 1.5],
			"scale": [0.8, 1, 0.8]
		},
		"firstperson_righthand": {
			"translation": [4.25, -3.25, 3]
		},
		"firstperson_lefthand": {
			"translation": [4.25, -3.25, 3]
		},
		"ground": {
			"rotation": [-40, -105, 56],
			"translation": [0, -1.5, 0],
			"scale": [0.55, 0.55, 0.55]
		},
		"gui": {
			"rotation": [-46, 124, 55],
			"translation": [0, -0.5, 0],
			"scale": [0.55, 0.55, 0.55]
		},
		"fixed": {
			"rotation": [0, 90, 0],
			"scale": [0.6, 0.6, 0.6]
		}
	},
	"groups": [
		{
			"name": "scythe",
			"origin": [8, 8, 8],
			"color": 0,
			"children": [
				{
					"name": "blade",
					"origin": [8, 8, 8],
					"color": 0,
					"children": [0, 1, 2, 3, 4, 5, 6, 7]
				},
				{
					"name": "handle",
					"origin": [8, 8, 8],
					"color": 0,
					"children": [8, 9, 10]
				}
			]
		}
	]
}