{
	"credit": "Made with Blockbench",
	"textures": {
		"0": "block/photowater_bucket",
		"particle": "block/photowater_bucket"
	},
	"elements": [
		{
			"from": [4, 0, 4],
			"to": [12, 1, 12],
			"faces": {
				"north": {"uv": [6, 15, 9.256, 14.5], "texture": "#0"},
				"east": {"uv": [6, 15, 9.256, 14.032], "texture": "#0"},
				"south": {"uv": [6, 15, 9.256, 14.032], "texture": "#0"},
				"west": {"uv": [5, 14.2, 10.256, 14.7], "texture": "#0"},
				"up": {"uv": [11, 3, 5, 2], "texture": "#0"},
				"down": {"uv": [10.968, 14, 5, 15], "texture": "#0"}
			}
		},
		{
			"from": [4, 1, 3],
			"to": [12, 8, 4],
			"faces": {
				"north": {"uv": [4, 7, 12, 14], "texture": "#0"},
				"east": {"uv": [5, 2, 11, 3], "texture": "#0"},
				"south": {"uv": [5, 2, 11, 3], "texture": "#0"},
				"west": {"uv": [5, 2, 11, 3], "texture": "#0"},
				"up": {"uv": [5, 2, 11, 3], "texture": "#0"},
				"down": {"uv": [5, 2, 11, 3], "texture": "#0"}
			}
		},
		{
			"from": [4, 1, 12],
			"to": [12, 8, 13],
			"faces": {
				"north": {"uv": [5, 2, 11, 3], "texture": "#0"},
				"east": {"uv": [5, 2, 11, 3], "texture": "#0"},
				"south": {"uv": [4, 7, 12, 14], "texture": "#0"},
				"west": {"uv": [5, 2, 11, 3], "texture": "#0"},
				"up": {"uv": [5, 2, 11, 3], "texture": "#0"},
				"down": {"uv": [5, 2, 11, 3], "texture": "#0"}
			}
		},
		{
			"from": [12, 1, 4],
			"to": [13, 8, 12],
			"faces": {
				"north": {"uv": [11, 2, 5, 3], "texture": "#0"},
				"east": {"uv": [4, 7, 12, 14], "texture": "#0"},
				"south": {"uv": [5, 2, 11, 3], "texture": "#0"},
				"west": {"uv": [11, 2, 5, 3], "texture": "#0"},
				"up": {"uv": [5, 2, 11, 3], "rotation": 90, "texture": "#0"},
				"down": {"uv": [5, 2, 11, 3], "rotation": 270, "texture": "#0"}
			}
		},
		{
			"from": [3, 1, 4],
			"to": [4, 8, 12],
			"faces": {
				"north": {"uv": [5, 2, 11, 3], "texture": "#0"},
				"east": {"uv": [5, 2, 11, 3], "texture": "#0"},
				"south": {"uv": [5, 2, 11, 3], "texture": "#0"},
				"west": {"uv": [4, 7, 12, 14], "texture": "#0"},
				"up": {"uv": [5, 2, 11, 3], "rotation": 90, "texture": "#0"},
				"down": {"uv": [5, 2, 11, 3], "rotation": 270, "texture": "#0"}
			}
		},
		{
			"from": [3, 8, 7],
			"to": [4, 11, 9],
			"faces": {
				"north": {"uv": [12, 7, 13, 10], "texture": "#0"},
				"east": {"uv": [4, 7, 6, 10], "texture": "#0"},
				"south": {"uv": [11, 10, 12, 13], "texture": "#0"},
				"west": {"uv": [8, 10, 10, 13], "texture": "#0"},
				"up": {"uv": [6, 8, 8, 9], "texture": "#0"},
				"down": {"uv": [5, 12, 6, 14], "texture": "#0"}
			}
		},
		{
			"from": [4, 10, 7],
			"to": [5, 12, 9],
			"faces": {
				"north": {"uv": [11, 9, 12, 11], "texture": "#0"},
				"east": {"uv": [5, 7, 7, 9], "texture": "#0"},
				"south": {"uv": [9, 12, 10, 14], "texture": "#0"},
				"west": {"uv": [4, 9, 9, 13], "texture": "#0"},
				"up": {"uv": [9, 7, 10, 9], "texture": "#0"},
				"down": {"uv": [10, 8, 11, 10], "texture": "#0"}
			}
		},
		{
			"from": [12, 8, 7],
			"to": [13, 11, 9],
			"faces": {
				"north": {"uv": [8, 11, 10, 14], "texture": "#0"},
				"east": {"uv": [11, 7, 13, 10], "texture": "#0"},
				"south": {"uv": [10, 11, 11, 14], "texture": "#0"},
				"west": {"uv": [5, 10, 7, 13], "texture": "#0"},
				"up": {"uv": [4, 6, 5, 8], "rotation": 180, "texture": "#0"},
				"down": {"uv": [5, 7, 7, 8], "rotation": 90, "texture": "#0"}
			}
		},
		{
			"from": [11, 10, 7],
			"to": [12, 12, 9],
			"faces": {
				"north": {"uv": [8, 11, 9, 13], "texture": "#0"},
				"east": {"uv": [9, 7, 11, 9], "texture": "#0"},
				"south": {"uv": [9, 11, 10, 13], "texture": "#0"},
				"west": {"uv": [5, 8, 7, 10], "texture": "#0"},
				"up": {"uv": [4, 6, 5, 8], "rotation": 180, "texture": "#0"},
				"down": {"uv": [5, 12, 6, 14], "rotation": 180, "texture": "#0"}
			}
		},
		{
			"from": [5, 11, 7],
			"to": [11, 13, 9],
			"faces": {
				"north": {"uv": [6, 9, 12, 11], "texture": "#0"},
				"east": {"uv": [9, 12, 11, 14], "texture": "#0"},
				"south": {"uv": [4, 10, 10, 14], "texture": "#0"},
				"west": {"uv": [3, 6, 5, 8], "texture": "#0"},
				"up": {"uv": [3, 7, 9, 9], "rotation": 180, "texture": "#0"},
				"down": {"uv": [6, 7, 12, 9], "rotation": 180, "texture": "#0"}
			}
		},
		{
			"from": [4, 1, 4],
			"to": [12, 7, 12],
			"faces": {
				"north": {"uv": [5, 3, 11, 6], "texture": "#0"},
				"east": {"uv": [5, 3, 11, 6], "texture": "#0"},
				"south": {"uv": [5, 3, 11, 6], "texture": "#0"},
				"west": {"uv": [5, 3, 11, 6], "texture": "#0"},
				"up": {"uv": [5, 3, 11, 6], "texture": "#0"},
				"down": {"uv": [5, 3, 11, 6], "texture": "#0"}
			}
		}
	],
	"display": {
		"thirdperson_righthand": {
			"rotation": [90, 0, 0],
			"translation": [0, -2, -2.5],
			"scale": [0.7, 0.7, 0.7]
		},
		"thirdperson_lefthand": {
			"rotation": [90, 0, 0],
			"translation": [0, -2, -2.5],
			"scale": [0.7, 0.7, 0.7]
		},
		"firstperson_righthand": {
			"translation": [6, -0.25, 1.25]
		},
		"firstperson_lefthand": {
			"translation": [6, -0.25, 1.25]
		},
		"ground": {
			"rotation": [27, 0, 0],
			"translation": [0.5, 1.25, 1],
			"scale": [0.8, 0.8, 0.8]
		},
		"gui": {
			"rotation": [16, 14, 0],
			"translation": [0, 2, 0]
		},
		"head": {
			"rotation": [-180, 0, 0],
			"translation": [0, 3.25, 0],
			"scale": [1.55, 1.55, 1.55]
		},
		"fixed": {
			"translation": [0, 0.75, -0.75]
		}
	}
}